"DESCRIPTION","DURATION IN MS","NAME","PARENT SUITE","START TIME","STATUS","STOP TIME","SUB SUITE","SUITE","TEST CLASS","TEST METHOD"
"","6","test_title","","Thu May 15 23:22:10 CDT 2025","passed","Thu May 15 23:22:10 CDT 2025","","test_fixture","",""
"","1023","test_google_title[firfox]","","Fri May 16 10:31:22 CDT 2025","passed","Fri May 16 10:31:23 CDT 2025","Test_Google_Chrome","test_fixtureWith_param","",""
"","0","test_m2","","Thu May 15 23:22:18 CDT 2025","passed","Thu May 15 23:22:18 CDT 2025","","test_pytestbasics","",""
"","786","test_google_title[chrome]","","Fri May 16 10:31:12 CDT 2025","passed","Fri May 16 10:31:13 CDT 2025","Test_Google_Chrome","test_fixtureWith_param","",""
"","6","test_title","","Thu May 15 23:22:15 CDT 2025","passed","Thu May 15 23:22:15 CDT 2025","","test_google_setup","",""
"","8","test_URL","","Thu May 15 23:22:10 CDT 2025","passed","Thu May 15 23:22:10 CDT 2025","","test_fixture","",""
"","5","test_URL","","Thu May 15 23:22:15 CDT 2025","passed","Thu May 15 23:22:15 CDT 2025","","test_google_setup","",""
"","0","test_m4","","Thu May 15 23:22:18 CDT 2025","passed","Thu May 15 23:22:18 CDT 2025","","test_pytestbasics","",""
"","6","test_m6","","Thu May 15 23:22:07 CDT 2025","failed","Thu May 15 23:22:07 CDT 2025","","test_Practice3","",""
"","2762","test_amazon","","Thu May 15 23:22:28 CDT 2025","failed","Thu May 15 23:22:31 CDT 2025","","test_webpageLogin","",""
"","5299","test_facebook","","Thu May 15 23:22:23 CDT 2025","passed","Thu May 15 23:22:28 CDT 2025","","test_webpageLogin","",""
"","0","test_m7","","Thu May 15 23:22:07 CDT 2025","passed","Thu May 15 23:22:07 CDT 2025","","test_Practice3","",""
"","0","test_m1","","Thu May 15 23:22:18 CDT 2025","failed","Thu May 15 23:22:18 CDT 2025","","test_pytestbasics","",""
"","1004","test_google_title","","Fri May 16 10:27:28 CDT 2025","passed","Fri May 16 10:27:29 CDT 2025","Test_Google_Chrome","test_fixtureswith_classes","",""
"","2","test_m3","","Thu May 15 23:22:18 CDT 2025","failed","Thu May 15 23:22:18 CDT 2025","","test_pytestbasics","",""
"","0","test_m5","","Thu May 15 23:22:07 CDT 2025","passed","Thu May 15 23:22:07 CDT 2025","","test_Practice3","",""
"","0","test_m10","","Thu May 15 23:22:07 CDT 2025","failed","Thu May 15 23:22:07 CDT 2025","","test_Practice2","",""
"","0","test_m9","","Thu May 15 23:22:07 CDT 2025","passed","Thu May 15 23:22:07 CDT 2025","","test_Practice2","",""
"","0","test_m8","","Thu May 15 23:22:07 CDT 2025","passed","Thu May 15 23:22:07 CDT 2025","","test_Practice2","",""
"","5078","test_google","","Thu May 15 23:22:18 CDT 2025","passed","Thu May 15 23:22:23 CDT 2025","","test_webpageLogin","",""
